ISBN,LCC
9780201547993,Z253.4.T47 S64 1992
9780201568899,Z253.4.L38 K66 1993
9780262042406,UB256.U6 D54 2007
9781589481206,RA792.5.K63 2005
9780201631630,TS176.K513 1994
9780070417816,TK7895.M5 M44
9780471386780,TK7895.E42 V33 2002
9780130615893,TK7895.E42 L49 2002
9780130314864,TK7888.4.M36 2004
9780471354185,QA76.76.T48 P46 2000
9780672319839,QA76.76.T48 P38 2001
9780932633583,QA76.76.T48 D73 2004
9780130912947,QA76.76.T48 C85 2002
9780521880381,QA76.76.T48 A56 2008
9780201704549,QA76.76.S95 M49 2001
9780321228109,QA76.76.S46 N36 2005
9780521707411,QA76.76.S46 D44 2008
9781581136098,QA76.76.S375 W67 2002
9780818608469,QA76.76.R47.T87 1988
9780818607509,QA76.76.R47.T87 1987
9780201500189,QA76.76.R47 S64 1989
9780201080179,QA76.76.R47 S64 1989
9780070579231,QA76.76.R47 S63 1999
9780471578536,QA76.76.R47 R45 1997
9781871516531,QA76.76.R47.R33 1995
9780201634136,QA76.76.R47 P68 1997
9780769508740,QA76.76.R47.M32 2003
9780135523735,QA76.76.R47 L56 1998
9780070369290,QA76.76.R47 L43 1997
9780201924763,QA76.76.R47 J33 1997
9780818683770,QA76.76.R47 I587 1998
9780818673016,QA76.76.R47 I587 1996
9780818666322,QA76.76.R47 I587 1994
9781852335021,QA76.76.R47 E97 2002
9789056991876,QA76.76.647 D67 1998
9780133278590,QA76.76.R47 B37 1997
9780201485677,QA76.76.R42 F69 1999
9780201485677,QA76.76.R42 F69 1999
9780132160636,QA76.76.Q35 P36 2010
9780137414062,QA76.76.Q35 J67 1994
9780201615678,QA76.76.P37 R57 2000
9780672227295,QA76.76.O63 W352 1990
9780136374060,QA76.76.O63 T36 1987
9780135881873,QA76.76.O63 T359 1992
9780471250609,QA76.76.O63 S5583 2003
9780321193667,QA76.76.O63 P335 2004
9780672484483,QA76.76.O63 K64 1990
9780672484476,QA76.76.O63 K63 1989
9780442242534,QA76.76.O63 K37 1973
9780072302974,QA76.76.O63 A48 2000
9780131472235,QA76.76.M52 J23 2006
9780201741629,QA76.76.M52.C48 2002
9780321246264,QA76.76.M52 R42 2005
9780321443250,QA76.76.H94 T427 2007
9781586639013,QA76.76.H94 P463 2003
9780201709155,QA76.76.H94 C3685 2001
9780387968575,QA76.76.G46 R46 1989
9780792390626,QA76.76.E95 K5545 1990
9780898382860,QA76.76.E95 A97 1988
9783540440246,QA76.76.D47 X63 2002
9780131436350,QA76.76.D47 Y677 2004
9780201745764,QA76.76.D47.W534 2003
9780201745764,QA76.76.D47.W534 2002
9780201694383,QA76.76.D47 W545 1999
9780932633323,QA76.76.D47 W45 1991
9780201733976,QA76.76.D47 W34 2002
9780818605772,QA76.76.D47 T88 1985
9780201710403,QA76.76.D47 S83 2001
9780321502759,QA76.76.D47 S563 2008
9780983507901,QA76.76.D47 S56 2011
9780321245625,QA76.76.D47 R86 2005
9780201309980,QA76.76.D47 R86 1999
9780201309584,QA76.76.D47 R69 1998
9780932633514,QA76.76.D47 R68 2002
9780201398199,QA76.76.D47.R635 1999
9780201728873,QA76.76.D47 R445 2002
9781934356586,QA76.76.D47 R36 2010
9780133281132,QA76.76.D47 P53 1994
9780321466754,QA76.76.D47 P52 2007
9780201734096,QA76.76.D47 P378 2002
9780471606956,QA76.76.D47 P376 2000
9780471958697,QA76.76.D47 P376 1996
9780201607345,QA76.76.D47 P375 1995
9780201433043,QA76.76.D47 P36 2000
9780201709377,QA76.76.D47 N495 2001
9780321268204,QA76.76.D47 N645 2006
9780521537711,QA76.76.D47 M62 2004
9780321117434,QA76.76.D47.M58 2003
9780201733860,QA76.76.D47 M386 2002
9780201844573,QA76.76.D47 M385 2003
9780131111554,QA76.76.D47.L39 2003
9780321197702,QA76.76.D47 K79 2004
9780201707106,QA76.76.D47 K79 200
9780321166098,QA76.76.D47 K75 2003
9780932633446,QA76.76.D47 K48 2001
9780763741242,QA76.76.D47 K37 2007
9780201708424,QA76.76.D47 J44 2001
9780201571691,QA76.76.D47 J35 1999
9780201699715,QA76.76.D47.H89 2003
9780201760439,QA76.76.D47 H553 2002
9780932633408,QA76.76.D47 H55 2000
9780130812469,QA76.76.D47.H36 1999
9780321125217,QA76.76.D47 E82 2004
9780932633576,QA76.76.D47 E28 2004
9780932633606,QA76.76.D47 D4755 2003
9780131467408,QA76.76.D47 C668 2005
9780201719604,QA76.76.D47 C654 2001
9780321205681,QA76.76.D47 C643 2004
9780131479418,QA76.76.D47 C6427 2006
9780201699692,QA76.76.D47 C634 2002
9780132350884,QA76.76.D47 C583.2009
9780201546644,QA76.76.D47 C37 1995
9780201722192,QA76.76.D47 B83 2003
9780201854916,QA76.76.D47 B745 1996
9780471204596,QA76.76.D47 B73 2004
9780201674941,QA76.76.D47 B69 2000
9780201571615,QA76.76.D47 B655 1999
9780321202949,QA76.76.D47 B4578 2004
9780201616415,QA76.76.D47 B434 2000
9780201710915,QA76.76.D47 B4335 2001
9780130674821,QA76.76.D47 A88 2002
9780321219763,QA76.76.D47 A87 2005
9780201616408,QA76.76.D47 A84 2002
9780321112309,QA76.76.D47 A735 2004
9780521616782,QA76.76.D47 A4258 2005
9780201750447,QA76.73.J38 K57 2002
9780521777681,QA76.73.J38 E43 2000
9780131872486,QA76.73.J38 E25 2006
9780471498384,QA76.73.J38 B64 2001
9780321336781,QA76.73.J38 B58 2005
9780072891799,QA76.73.J38 B34 1999
9780201738292,QA76.73.J38 A35 2002
9780138429225,QA76.73.F24 B76
9780262693172,QA76.73.C154 S47 2004
9780735618008,QA76.73.C154 P45 2004
9780805354430,QA76.73.C153 W46 1994
9780201633986,QA76.73.C153 M87 1996
9780201749625,QA76.73.C153 M49 2001
9780321133540,QA76.73.C153 K365 2006
9780321227256,QA76.73.C153 A325 2005
9780131315099,QA76.73.C15 P563 1991
9780880223720,QA76.73.C15 P55 1988
9780139563768,QA76.73.C15 C56323 1999
9780521468213,QA76.73.C15 A42 1993
9780201704341,QA76.73.C153 S89 2002
9780070491601,QA76.73.B3 P4 1981
9781565923584,QA76.73.B3 L647 1998
9780810452114,QA76.73.A35 L48 1982
9780130039620,QA76.73.A35 G43 1983
9780574161352,QA76.73.A27 P352
9780133319682,QA76.7 W54 1987
9780262690768,QA76.7.S74
9780321330253,QA76.7 S43 2006
9780321193629,QA76.7 S43 2003
9780126339512,QA76.7 S38 2006
9780137305803,QA76.7 P7 1984
9780201895025,QA76.7 H558 1996
9780470093559,QA76.642 M34 2006
9780849314995,QA76.642 K36 2003
9780133051377,QA76.64 Y695 1996
9780134998497,QA76.64 W57 1996
9780932633637,QA76.64 W4353 2006
9780201422948,QA76.64 P74 1995
9780136298410,QA76.64 O26 1991
9780201748048,QA76.64 M45 2002
9780072834956,QA76.64.L484 2001
9780201628784,QA76.64 G63 1995
9780201103939,QA76.64 C68 1986
9780805353402,QA76.64 B66 1994
9780521540186,QA76.64 A494 2004
9780470856123,QA76.625 D97 2004
9780201309775,QA76.624 C93 2000
9780139561603,QA76.6 Y6682 1998
9780138545628,QA76.6 W464
9780201914658,QA76.6 W375 2003
9781576761328,QA76.6.V46 2007
9780884053347,QA76.6 S618
9780070551961,QA76.6 S383 1982
9780262182621,QA76.6 R4138 2007
9780201060973,QA76.6 P475 1983
9780136290490,QA76.6 M4845 1988
9780262121125,QA76.6 L5655 1986
9780201144550,QA76.6 L47
9780201038095,QA76.6 K64
9780070328112,QA76.6 J659 1986
9780201616224,QA76.6 H857 2000
9780262062183,QA76.6 H697 2001
9780133315790,QA76.6 H46
9780387964805,QA76.6.G747
9780134549767,QA76.6 G5585 1996
9780132158718,QA76.6 D54
9780201145014,QA76.6 D44 1984
9780444007018,QA76.6 C443 1982
9780201000221,QA76.6 A365
9780262010771,QA76.6 A255 1985
9780321720207,QA76.585 M69 2011
9780932633118,QA76.54.H38 1987
9780201558050,QA76.5 N424 1995
9780132019620,QA76.5 G35
9780262062503,QA76.5 A3393 2006
9780521460859,QA76.27 C69 1996
9780333778791,QA76.15 E48 2000
9781881526926,QA76 K537 1996
9780387951324,QA76 P4254 2003
9780930196004,QA76 G287
9780534938888,QA76 E3532 1994
9780262033589,Q325.75 S42 2006
9780932633491,Q295 W44 2001
9780030178849,Q183.9 P73 1996
9781413302189,KF3120.Z9 G75 2005
9781888404241,KF3024.C6.L44 1990
9780791801604,KF2980 I538 2001
9780321503589,HV6773 H35 2008
9780256103212,HN29 A46 1995
9780136157502,HF5718.2.U6 T45 2008
9780321304520,HF5548.37 P38 2005
9780932633385,QA76.76.T48 P493 1997
9780137000661,QA76.76.T48 S635 2010
9780321369444,QA76.76.T48 W485 2006
9780534932756,QA76.8.M67 C47 1994
9780201113716,QA76.8.S635 G64 1983
9780201113723,QA76.8.S635 G638 1984
9780201116694,QA76.8.S635 S58 1983
9780321247445,QA76.9.A25 B563 2005
9780321268174,QA76.9.A25 C369 2005
9780321294319,QA76.9.A25 H637 2006
9780735617223,QA76.9.A25 H698 2003
9780735618428,QA76.9.A25.I46 2003
9780321336439,QA76.9.A25 J62 2005
9780321356703,QA76.9.A25 M4286 2006
9780735619197,QA76.9.A25 R635 2003
9780321335722,QA76.9.A25 S368 2006
9780131014053,QA76.9.A25 S58 2004
9780201709070,QA76.9.A73 B77 2001
9780521654180,QA76.9.A73 D57 2000
9780201703726,QA76.9.A73 D63 2003
9780130191168,QA76.9.A73 P87 2001
9789036514309,QA76.9.A73.T45 2000
9780131589407,QA76.9.C643 L58 1993
9780134587790,QA76.9.C66 B3 1997
9780574210555,QA76.9.C66 R67 1976
9780262072885,QA76.9.D3 I68 2007
9780131928336,QA76.9.D3 M494 1995
9780914894360,QA76.9.D3 U44 1983
9780521771849,QA76.9.D5 F662 2001
9780521876346,QA76.9.D5 K74 2008
9780201000238,QA76.9.D35 A38 1983
9780136609117,QA76.9.D35 S45 1998
9780764501708,QA76.9.D37 S55 1997
9780262113045,QA76.9.H85 B539 2007
9780137519750,QA76.9.H85 F38 1998
9780201379372,QA76.9.H85 R37 2000
9780201694970,QA76.9.H85 S54 1998
9780130961419,QA76.9.M35 R67 1999
9780201731323,QA76.9.O35 C364 2002
9780201498349,QA76.9.O35 C63 1998
9780521649988,QA76.9.O35 C64 1998
9780201310122,QA76.9.O35 D76 1999
9780321193681,QA76.9.O35 F695 2004
9780137488803,QA76.9.O35 L37 1998
9780201711615,QA76.9.O35 L39 2001
9780201398267,QA76.9.O35 O3713 1999
9780201756036,QA76.9.O35.O3713 2002
9780201432893,QA76.9.O35 R66 1999
9780201715941,QA76.9.O35 S52 2001
9780201379402,QA76.9.O35 W37 1999
9780201709131,QA76.9.S88 B575 2003
9780321127426,QA76.9.S88 F69 2003
9780932633415,QA76.9.S88 H3735 2000
9780201700640,QA76.9.S88 W345 2002
9780201616064,QA76.9.S88 W53 2000
9780201758672,QA76.9.U83 A14 2005
9780123852410,QA76.9.U83 H37 2012
9780471594031,QA76.9.U83 R82 1994
9780123849687,QA76.9.U83 S33 2012
9780070380455,QA162 L56 1997
9780130144003,QA166.W43 2001
9780201144604,QA268.M27
9780137115648,QA273.19.E4 T74 1982
9780471735571,QA276.12 M6453 2007
9780070419735,QA303 A96 1999
9780070417335,QA303 M387 1997
9780070379862,QA331.L56 1964a
9780471758013,QC21.3 H35 2008b
9780673150172,T10.5 F4
9780444003799,T57.9 C66 1981
9780471599852,T58.6.S6595 1992
9780471266099,T58.64 B36 2003
9780130153906,T385 H395 2004
9780321336798,T385 M3666 2006
9780321335739,T385 O635 2006
9780321334893,T385 R665 2006
9780321197894,T385 R665 2004
9780070568754,TA168.S444
9780201362985,TA174 B752 2010
9780321200686,TK5102.5 H5882 2004
9780130914491,TK5105.5.C5897 200
9780131988705,TK5105 H44 1989
9780534377809,TK5105.5 G33 2002
9780201788976,TK5105.585 S598 2004
9780131475731,TK5105.59 I5455 2004
9780471141624,TK5105.7 G64 1997
9780131014060,TK5105.78 M38 2004
9780471253105,TK5105.8.E83 H45 1998
9780596004477,TK5105.885.G66 C35 2003
9780764579660,TK5105.888 B425 2005
9781580530989,TK5105.888 D37 2000
9780321535085,TK5105.888 H6177 2008
9780470223659,TK5105.88813 A673 2008
9780262042536,TK5105.88813 A85 2009
9780470775639,TK5105.88813 G73 2008
9780262072960,TK5105.88813 S45 2009
9780321321282,TK5105.8885.A63 B37 2006
9781565925281,TK5105.8885.A63 L38 1999
9780131172630,TK6570.M6 L38 2004
9780534378042,TK7868.L6 R67 2004
9780070464728,TK7874 N36 1993
9780131015494,TK7882.B56 R45 2004
9780849308857,TK7885 C645 2002
9780132129374,TK7888.3 M343 1991
9780198564539,TK7888.3 C62 2000
9780521532853,QA76.76.C73 C66 2003
9780321304544,QA76.76.C68 S96 2005
9780201675283,QA76.76.C66.W455 2002.
9780470843192,QA76.76.C66 V65 2002
9780521771641,QA76.76.C66 F68 2000
9780201708516,QA76.76.C66 C48 2001
9781580533270,QA76.76.C66 B85 2002
9780521649995,QA76.76.C66 A43 1998
9783540443858,QA76.76.C66 A26 2003
9780673398222,QA76.76.C65 W35 1992
9780201100884,QA76.76.C65 A37 1986
9780201433135,QA76.76.A65 M345 2000
9780521892421,QA76.76.A65 K72 2003
9780201699678,QA76.76.A65 J65 2000
9780201325713,QA76.76.A65.H654 1999
9780131177055,QA76.76.A65 F43 2005
9780201924787,QA76.76.A65 C665 1999
9780521525831,QA76.758 Z48 2004
9780442015565,QA76.758 W57 1994
9780201703122,QA76.758 S79 2005
9780201742251,QA76.758 S75 2002
9780201648607,QA76.758 S74 2000
9780596009489,QA76.758 S735 2006
9780137035151,QA76.758 S657 2011
9780321313799,QA76.758 S657 2007
9780201398151,QA76.758 S657 2000
9780201427653,QA76.758 S657 1996
9780470148730,QA76.758 S64563 2007
9780306451638,QA76.758 S475 1997
9780073523330,QA76.758 S3185 2008
9780072865516,QA76.758 S318 2005
9780201767919,QA76.758.R83 2002
9780136096740,QA76.758.P49 2010
9780131469136,QA76.758 P49 2006
9780130290496,QA76.758 P49 2001
9780471683629,QA76.758 M65 2006
9780321136190,QA76.758 M278 2003
9780130274076,QA76.758 M27 2001
9780321204653,QA76.758 M248 2005
9780849314797,QA76.758 K48 2003
9780387948997,QA76.758 J35 1997
9780201731132,QA76.758 H8627 2006
9780201477191,QA76.758 H859 2000
9780201546101,QA76.758 H857 1995
9780138204327,QA76.758 G47 1991
9780321410139,QA76.758 F685 2006
9780534956004,QA76.758.F46 1997
9780470294550,QA76.758 F35 2009
9780130811561,QA76.758 D367 1999
9780321477170,QA76.758 C558 2007
9780201704853,QA76.758 C58 2001
9790134897256,QA76.758.B785 2000
9780201835953,QA76.758 B75 1995
9780471322085,QA76.758 B74 2001
9780321336620,QA76.758 B463 2006
9780818632723,QA76.758 A76 1993
9780763754204,QA76.754 S64434 2010
9780131829572,QA76.754 S48 1996
9780201703696,QA76.754 P365 2001
9780262134323,QA76.754 M47 2003
9780130290328,QA76.754 D55 2001
9780201433234,QA76.754 B75 1999
9780201199307,QA76.754 B37 1998
9783540005629,QA76.751 I25 2003
9783540431008,QA76.751 I25 2002
9780139837685,QA76.73.Z2 S66 1989
9780521559768,QA76.73.Z2 J33 1997
9780596000530,QA76.73.X58 T53 2001
9780596002114,QA76.73.S67.R43 2002
9780138153731,QA76.73.S6 G75 1971
9780134769042,QA76.73.S59 B43 1997
9780596514815,QA76.73.R83 F58 2007
9781565924642,QA76.73.P98 L877 1999
9780596000967,QA76.73.P98 L86 2001
9780201616163,QA76.73.P98.H54 2002
9783540150114,QA76.73.P356 C57
9780764557460,QA76.73.P224 C66 2004
9780764549557,QA76.73.P224 C66 2002
9781565926103,QA76.73.P224 L472 2002
9780131228399,QA76.73.P22 Q53 1995
9780387960487,QA76.73.P2 J46 1985
9780829903348,QA76.73.P2 G7
9780201083729,QA76.73.L23 W56 1984
9780060466572,QA76.73.L23 T67 1984
9781555580414,QA76.73.L23 S73 1990
9780596517748,QA76.73.J39 C763 2008
9781423901235,QA76.73.J38 T96 2008
9780534384494,QA76.73.J38 T96 2004
9780596009205,QA76.73.J38 S535 2005
9780262693257,QA76.73.J38 S435 2005
9780201702521,QA76.73.J38 R44 2002
9780764574863,QA76.73.J38 P7623 2005
9780201743975,QA76.73.J38 M483 2002
9780321333025,QA76.73.J38 M482 2006
9780201702675,QA76.73.J38 M35255 2001
9780201657685,QA76.73.J38 L58 2000
9780132221580,QA76.73.J38 L52 2007
9780471106050,QA76 B74 1969
9780070379909,QA43 L669 1982
9780387941158,QA39.2 G7473 1993
9780201767353,HF5548.37.B95 2002
9780521776981,HF5548.32 M377 2000
9780521774871,HF5548.32 H665 2000
9780130621351,HF5548.2 K4874 2002
9780130352118,HF5415.5 K535 2003
9780465078219,HD9696.A3 U593 1984
9780130828620,HD9696.2.U62 G55 1999
9780028740485,HD9696.C64 M533 1995
9780195062168,HD9696.C63 J3134 1991
9781430219484,HD8039.D37 S45 2009
9780932633484,HD69.P75 R68 2001
9780673183033,HD58.7 H35 1987
9780471085096,HD31 P53
9780932633545,HD31 D679 2003
9780932633439,HD31 D42218 1999
9780137601257,HD30.37 M48 1998
9780805010688,HB501 R763 1990
9780321592873,HB171.5.P313 2008
9781589480759,G70.212 T25 2003
9780262026192,AZ195 B67 2007